doc_id,source_file,chunk_index,text,section_type,chunking_strategy,language,source_type,source_title,source_author,act,bbox,char_end,char_start,collection_id,confidence,content_hash,doi,frame_index,image_height,image_width,isbn,keywords,lemmas,line_number,modality,normalized_text,ocr_engine,page_number,paragraph_index,parent_doc_id,raw_dtype,raw_shape,scene_number,source_date,stems,timecode_end,timecode_start,tokens,total_frames,url
410dab4b49e67fc2,AI_Generated_Image_1ix.png,0,"Tic dinBviic rvacews novov enpietov
10 8idoKew 8 éoriv dvvacbat. If you can’t explain
it to a six-year-old,

‘Wenn du es nicht einfach
erklaren kannst, hast du
dues nicht wirklich

you don’t really | |
MH) understand it. | verstanden.
f
If you cannot explain
» it simply, you do not
understand it well enough.

nage VIII ND TRON

= eR mows net
say Don NNT PID |

‘ApiotoréAng + AABEavSp0¢_ 3 Richard P. Feynman i Albert Einstein

384-322 BC - 356-323 BC | Mieza, Macedonia 1918-1988 | New York, USA —> Princeton",text,fixed_window,,image,,,,,511,0,,0.7725,76f1952b416ca0cffffae50ef99d4ee5,,,1024,1024,,,,,text,,tesseract,0,,,,,,,,,,,1,
f02b15fc39636d25,AI_Generated_Image_1ix.png,1,"in
» it simply, you do not
understand it well enough.

nage VIII ND TRON

= eR mows net
say Don NNT PID |

‘ApiotoréAng + AABEavSp0¢_ 3 Richard P. Feynman i Albert Einstein

384-322 BC - 356-323 BC | Mieza, Macedonia 1918-1988 | New York, USA —> Princeton — Pasadena 99-1955 | Ulm — Princeton

A physics law
| should be simple ~~:
| enough to explain Aa) a

to a bartender. aa ve, r)
| He tangata ture
ahupiingao ka taea
te whakamarama
|| kite kaitawara.

Pep matterhow much you koov
‘your words reach only as fa",text,fixed_window,,image,,,,,768,256,,0.7725,da837ecb62203740d2be1d9d716afb83,,,1024,1024,,,,,text,,tesseract,0,,,,,,,,,,,1,
a7f4cb58c7d98759,AI_Generated_Image_1ix.png,2,"— Pasadena 99-1955 | Ulm — Princeton

A physics law
| should be simple ~~:
| enough to explain Aa) a

to a bartender. aa ve, r)
| He tangata ture
ahupiingao ka taea
te whakamarama
|| kite kaitawara.

Pep matterhow much you koov
‘your words reach only as far as the
other person can understand,

\ Auth $9) glen alas Y CS lb cle Lge } y

Ernest Rutherford P Mevlana
1871-1937 | Nelson, NZ > Cambridge a _—_ waarmee, 3 | Balkh > Konya

Scholar Scholar Merchant

Simplicity is the mark
7 of | true knowledge.

a (Fo",text,fixed_window,,image,,,,,1024,512,,0.7725,f49aa8c1c81c309e4bff0b60d4ffe6af,,,1024,1024,,,,,text,,tesseract,0,,,,,,,,,,,1,
524cbc800dbdbaec,AI_Generated_Image_1ix.png,3,"r as the
other person can understand,

\ Auth $9) glen alas Y CS lb cle Lge } y

Ernest Rutherford P Mevlana
1871-1937 | Nelson, NZ > Cambridge a _—_ waarmee, 3 | Balkh > Konya

Scholar Scholar Merchant

Simplicity is the mark
7 of | true knowledge.

a (Focused)  (Pocused) | (Distracted)

Child
(Innocent)

You may know all the worlds, but the conversation sto,
} at the other person’s intelligence and vision. Knowledge is
not limited by the speaker. It is limited by the listener.

Mevlna's Wisdom
1207-1273 |",text,fixed_window,,image,,,,,1280,768,,0.7725,63d50308b178791e3355de4bc24ff61e,,,1024,1024,,,,,text,,tesseract,0,,,,,,,,,,,1,
e67b2b2a241c8507,AI_Generated_Image_1ix.png,4,"cused)  (Pocused) | (Distracted)

Child
(Innocent)

You may know all the worlds, but the conversation sto,
} at the other person’s intelligence and vision. Knowledge is
not limited by the speaker. It is limited by the listener.

Mevlna's Wisdom
1207-1273 | Balkh + Konya",text,fixed_window,,image,,,,,1294,1024,,0.7725,169530797bddb679fac7195e6d03220c,,,1024,1024,,,,,text,,tesseract,0,,,,,,,,,,,1,
